url,local_path,status,alt,title,caption,mime,media_id
http://lotuspeak.org/wp-content/uploads/2025/07/chhimilhakhang.webp,images\2025\07\chhimilhakhang.webp,ok,,,,,
http://lotuspeak.org/wp-content/uploads/2025/07/gangtye.webp,images\2025\07\gangtye.webp,ok,,,,,
http://lotuspeak.org/wp-content/uploads/2025/07/phobjikha-valey.webp,images\2025\07\phobjikha-valey.webp,ok,,,,,
http://lotuspeak.org/wp-content/uploads/2026/02/meditation.jpeg,,failed,,,,,
https://lotuspeak.org/wp-content/uploads/2025/07/2.mp4,images\2025\07\2.mp4,ok,,2,https://lotuspeak.org/wp-content/uploads/2025/07/2.mp4,video/mp4,60
https://lotuspeak.org/wp-content/uploads/2025/07/Tamshing-Lhakhang.webp,images\2025\07\Tamshing-Lhakhang.webp,ok,Tamshing-Lhakhang,Tamshing-Lhakhang,,image/webp,3666
https://lotuspeak.org/wp-content/uploads/2025/07/alo.webp,images\2025\07\alo.webp,ok,alo,alo,,image/webp,3690
https://lotuspeak.org/wp-content/uploads/2025/07/bread-bg.webp,images\2025\07\bread-bg.webp,ok,,bread-bg,,image/webp,1362
https://lotuspeak.org/wp-content/uploads/2025/07/chamm.webp,images\2025\07\chamm.webp,ok,chamm,chamm,,image/webp,3681
https://lotuspeak.org/wp-content/uploads/2025/07/chhimilhakhang.webp,images\2025\07\chhimilhakhang.webp,ok,,chhimilhakhang,,image/webp,1921
https://lotuspeak.org/wp-content/uploads/2025/07/cloud.webp,images\2025\07\cloud.webp,ok,,cloud,,image/webp,514
https://lotuspeak.org/wp-content/uploads/2025/07/cta-bg.webp,images\2025\07\cta-bg.webp,ok,,cta-bg,,image/webp,1212
https://lotuspeak.org/wp-content/uploads/2025/07/dance.webp,images\2025\07\dance.webp,ok,dance,dance,,image/webp,3689
https://lotuspeak.org/wp-content/uploads/2025/07/dochhula.jpg,,failed,,,,,
https://lotuspeak.org/wp-content/uploads/2025/07/ft-bg.webp,images\2025\07\ft-bg.webp,ok,,ft-bg,,image/webp,43
https://lotuspeak.org/wp-content/uploads/2025/07/ft1-1.webp,images\2025\07\ft1-1.webp,ok,,ft1,,image/webp,538
https://lotuspeak.org/wp-content/uploads/2025/07/ft2.webp,images\2025\07\ft2.webp,ok,,ft2,,image/webp,539
https://lotuspeak.org/wp-content/uploads/2025/07/ft3.webp,images\2025\07\ft3.webp,ok,,ft3,,image/webp,540
https://lotuspeak.org/wp-content/uploads/2025/07/gangtye.webp,images\2025\07\gangtye.webp,ok,Gangtye dzong,gangtye,,image/webp,1920
https://lotuspeak.org/wp-content/uploads/2025/07/icon-2.svg,images\2025\07\icon-2.svg,ok,triangle,icon-2,,image/svg+xml,768
https://lotuspeak.org/wp-content/uploads/2025/07/icon-3.svg,images\2025\07\icon-3.svg,ok,dollar-icon,icon-3,,image/svg+xml,769
https://lotuspeak.org/wp-content/uploads/2025/07/icon-4.svg,images\2025\07\icon-4.svg,ok,call-icon,icon-4,,image/svg+xml,770
https://lotuspeak.org/wp-content/uploads/2025/07/kahdar-lama.webp,images\2025\07\kahdar-lama.webp,ok,kahdar-lama,kahdar-lama,,image/webp,3636
https://lotuspeak.org/wp-content/uploads/2025/07/khuru.webp,images\2025\07\khuru.webp,ok,,khuru,,image/webp,3691
https://lotuspeak.org/wp-content/uploads/2025/07/koenchosum-lhakhang.webp,images\2025\07\koenchosum-lhakhang.webp,ok,koenchosum-lhakhang,koenchosum-lhakhang,,image/webp,3668
https://lotuspeak.org/wp-content/uploads/2025/07/kurji-lhakhang.webp,images\2025\07\kurji-lhakhang.webp,ok,,kurji lhakhang,,image/webp,1743
https://lotuspeak.org/wp-content/uploads/2025/07/list-bg.jpg,images\2025\07\list-bg.jpg,ok,,list-bg,,image/jpeg,161
https://lotuspeak.org/wp-content/uploads/2025/07/mask-dance.webp,images\2025\07\mask-dance.webp,ok,mask-dance,mask-dance,,image/webp,3640
https://lotuspeak.org/wp-content/uploads/2025/07/mebar-tsho.jpeg,,failed,,,,,
https://lotuspeak.org/wp-content/uploads/2025/07/paro-air-port-view.webp,images\2025\07\paro-air-port-view.webp,ok,,paro-air-port-view,,image/webp,3635
https://lotuspeak.org/wp-content/uploads/2025/07/phobjikha-valey.webp,images\2025\07\phobjikha-valey.webp,ok,,phobjikha valey,,image/webp,1919
https://lotuspeak.org/wp-content/uploads/2025/07/pt-bg.webp,images\2025\07\pt-bg.webp,ok,,pt-bg,,image/webp,44
https://lotuspeak.org/wp-content/uploads/2025/07/reciting-gelongs1.webp,images\2025\07\reciting-gelongs1.webp,ok,,reciting-gelongs1,,image/webp,3692
https://lotuspeak.org/wp-content/uploads/2025/07/shape-bg.svg,images\2025\07\shape-bg.svg,ok,,shape-bg,,image/svg+xml,506
https://lotuspeak.org/wp-content/uploads/2025/07/shape10.webp,images\2025\07\shape10.webp,ok,,shape10,,image/webp,179
https://lotuspeak.org/wp-content/uploads/2025/07/shape16.webp,images\2025\07\shape16.webp,ok,,shape16,,image/webp,510
https://lotuspeak.org/wp-content/uploads/2025/07/shape17.webp,images\2025\07\shape17.webp,ok,,shape17,,image/webp,541
https://lotuspeak.org/wp-content/uploads/2025/07/shape18.webp,images\2025\07\shape18.webp,ok,,shape18,,image/webp,578
https://lotuspeak.org/wp-content/uploads/2025/07/shape19.webp,images\2025\07\shape19.webp,ok,,shape19,,image/webp,577
https://lotuspeak.org/wp-content/uploads/2025/07/shape2.webp,images\2025\07\shape2.webp,ok,,shape2,,image/webp,280
https://lotuspeak.org/wp-content/uploads/2025/07/shape20.webp,images\2025\07\shape20.webp,ok,,shape20,,image/webp,579
https://lotuspeak.org/wp-content/uploads/2025/07/shape24.webp,images\2025\07\shape24.webp,ok,,shape24,,image/webp,758
https://lotuspeak.org/wp-content/uploads/2025/07/shape25.webp,images\2025\07\shape25.webp,ok,,shape25,,image/webp,759
https://lotuspeak.org/wp-content/uploads/2025/07/shape27.webp,images\2025\07\shape27.webp,ok,,shape27,,image/webp,742
https://lotuspeak.org/wp-content/uploads/2025/07/shape28.webp,images\2025\07\shape28.webp,ok,,shape28,,image/webp,743
https://lotuspeak.org/wp-content/uploads/2025/07/shape29.webp,images\2025\07\shape29.webp,ok,,shape29,,image/webp,686
https://lotuspeak.org/wp-content/uploads/2025/07/shape33.webp,images\2025\07\shape33.webp,ok,,shape33,,image/webp,1363
https://lotuspeak.org/wp-content/uploads/2025/07/shape4.webp,images\2025\07\shape4.webp,ok,shape4,shape4,,image/webp,282
https://lotuspeak.org/wp-content/uploads/2025/07/shape5.webp,images\2025\07\shape5.webp,ok,,shape5,,image/webp,174
https://lotuspeak.org/wp-content/uploads/2025/07/shape6.webp,images\2025\07\shape6.webp,ok,,shape6,,image/webp,175
https://lotuspeak.org/wp-content/uploads/2025/07/shape7.webp,images\2025\07\shape7.webp,ok,,shape7,,image/webp,176
https://lotuspeak.org/wp-content/uploads/2025/07/shape8.webp,images\2025\07\shape8.webp,ok,,shape8,,image/webp,177
https://lotuspeak.org/wp-content/uploads/2025/07/simtokha.webp,images\2025\07\simtokha.webp,ok,simtokha,simtokha,,image/webp,1700
https://lotuspeak.org/wp-content/uploads/2025/07/taktshang.webp,images\2025\07\taktshang.webp,ok,taktshang,taktshang,,image/webp,3633
https://lotuspeak.org/wp-content/uploads/2025/07/thangkas.webp,images\2025\07\thangkas.webp,ok,thangkas,thangkas,,image/webp,3688
https://lotuspeak.org/wp-content/uploads/2025/07/top-shape1.webp,images\2025\07\top-shape1.webp,ok,,top-shape1,,image/webp,760
https://lotuspeak.org/wp-content/uploads/2025/07/transparent-logo-e1772357075864.png,,failed,,,,,
https://lotuspeak.org/wp-content/uploads/2026/02/242453fb-d310-43cf-9f14-b76034612237.jpeg,images\2026\02\242453fb-d310-43cf-9f14-b76034612237.jpeg,ok,,242453fb-d310-43cf-9f14-b76034612237,,image/jpeg,1623
https://lotuspeak.org/wp-content/uploads/2026/02/3d68abd6-9128-46a0-9ba9-5d9561f2b45c.jpeg,images\2026\02\3d68abd6-9128-46a0-9ba9-5d9561f2b45c.jpeg,ok,,3d68abd6-9128-46a0-9ba9-5d9561f2b45c,,image/jpeg,1622
https://lotuspeak.org/wp-content/uploads/2026/02/bald-head-with-puzzle-brain-svgrepo-com.svg,images\2026\02\bald-head-with-puzzle-brain-svgrepo-com.svg,ok,mind,bald-head-with-puzzle-brain-svgrepo-com,,image/svg+xml,2156
https://lotuspeak.org/wp-content/uploads/2026/02/buddhist-temple-svgrepo-com.svg,images\2026\02\buddhist-temple-svgrepo-com.svg,ok,temple,buddhist-temple-svgrepo-com,,image/svg+xml,2155
https://lotuspeak.org/wp-content/uploads/2026/02/e8a797bf-266e-4b73-a0b8-acac21a3f516.jpeg,images\2026\02\e8a797bf-266e-4b73-a0b8-acac21a3f516.jpeg,ok,,e8a797bf-266e-4b73-a0b8-acac21a3f516,,image/jpeg,1626
https://lotuspeak.org/wp-content/uploads/2026/02/forest-persons-svgrepo-com.svg,images\2026\02\forest-persons-svgrepo-com.svg,ok,peace journey,forest-persons-svgrepo-com,,image/svg+xml,2152
https://lotuspeak.org/wp-content/uploads/2026/02/great-buddha-of-thailand-svgrepo-com-1.svg,,failed,,,,,
https://lotuspeak.org/wp-content/uploads/2026/02/jakar-dzong.webp,images\2026\02\jakar-dzong.webp,ok,,jakar dzong,,image/webp,1627
https://lotuspeak.org/wp-content/uploads/2026/02/journey.jpeg,images\2026\02\journey.jpeg,ok,,journey,,image/jpeg,1628
https://lotuspeak.org/wp-content/uploads/2026/02/kichu.jpg,images\2026\02\kichu.jpg,ok,,kichu,,image/jpeg,1629
https://lotuspeak.org/wp-content/uploads/2026/02/log_file_2026-02-15__15-51-53.txt,images\2026\02\log_file_2026-02-15__15-51-53.txt,ok,,One Click Demo Import – log_file_2026-02-15__15-51-53,One Click Demo Import – log_file_2026-02-15__15-51-53,text/plain,31
https://lotuspeak.org/wp-content/uploads/2026/02/mask-dance1.jpg,images\2026\02\mask-dance1.jpg,ok,,mask-dance1,,image/jpeg,1632
https://lotuspeak.org/wp-content/uploads/2026/02/paro-dzong.jpg,images\2026\02\paro-dzong.jpg,ok,,paro-dzong,,image/jpeg,1611
https://lotuspeak.org/wp-content/uploads/2026/02/person-on-meditation-posture-on-a-desk-svgrepo-com.svg,images\2026\02\person-on-meditation-posture-on-a-desk-svgrepo-com.svg,ok,meditation,person-on-meditation-posture-on-a-desk-svgrepo-com,,image/svg+xml,2153
https://lotuspeak.org/wp-content/uploads/2026/02/phajoding.mp4,images\2026\02\phajoding.mp4,ok,,phajoding,https://lotuspeak.org/wp-content/uploads/2026/02/phajoding.mp4,video/mp4,1634
https://lotuspeak.org/wp-content/uploads/2026/02/punakha-dzong.jpg,,failed,,,,,
https://lotuspeak.org/wp-content/uploads/2026/02/raul-taciu-4gRMSNdZT8k-unsplash.jpg,,failed,,,,,
https://lotuspeak.org/wp-content/uploads/2026/02/spring-temple-buddha-in-henan-china-svgrepo-com.svg,images\2026\02\spring-temple-buddha-in-henan-china-svgrepo-com.svg,ok,monk,spring-temple-buddha-in-henan-china-svgrepo-com,,image/svg+xml,2154
https://lotuspeak.org/wp-content/uploads/2026/02/tharpaling.webp,images\2026\02\tharpaling.webp,ok,tharpaling,tharpaling,,image/webp,1615
https://lotuspeak.org/wp-content/uploads/2026/02/thimphu-view.jpg,images\2026\02\thimphu-view.jpg,ok,,thimphu-view,,image/jpeg,1616
https://lotuspeak.org/wp-content/uploads/2026/02/trongsa.webp,images\2026\02\trongsa.webp,ok,Trongsa Dzong,trongsa,,image/webp,1617
https://lotuspeak.org/wp-content/uploads/2026/02/uphill.jpg,images\2026\02\uphill.jpg,ok,,uphill,,image/jpeg,1618
https://lotuspeak.org/wp-content/uploads/2026/02/view.jpeg,images\2026\02\view.jpeg,ok,,view,,image/jpeg,1619
https://lotuspeak.org/wp-content/uploads/2026/02/view.jpg,images\2026\02\view.jpg,ok,,view,,image/jpeg,1620
https://lotuspeak.org/wp-content/uploads/2026/03/Background.webp,images\2026\03\Background.webp,ok,Background,Background,Background,image/webp,3290
https://lotuspeak.org/wp-content/uploads/2026/03/Logo.webp,images\2026\03\Logo.webp,ok,logo,Logo,,image/webp,3576
https://lotuspeak.org/wp-content/uploads/2026/03/Profile-Image.webp,images\2026\03\Profile-Image.webp,ok,Profile-Image,Profile-Image,,image/webp,3312
https://lotuspeak.org/wp-content/uploads/2026/03/ad2.jpeg,,failed,,,,,
https://lotuspeak.org/wp-content/uploads/2026/03/archery.webp,images\2026\03\archery.webp,ok,,archery,,image/webp,3622
https://lotuspeak.org/wp-content/uploads/2026/03/baa.webp,images\2026\03\baa.webp,ok,baa,baa,,image/webp,3620
https://lotuspeak.org/wp-content/uploads/2026/03/bell-and-drum.webp,images\2026\03\bell-and-drum.webp,ok,bell-and-drum,bell-and-drum,,image/webp,3324
https://lotuspeak.org/wp-content/uploads/2026/03/bhutanes-cusine.webp,images\2026\03\bhutanes-cusine.webp,ok,bhutanes-cusine,bhutanes-cusine,,image/webp,3624
https://lotuspeak.org/wp-content/uploads/2026/03/bhutanes-cusine2.webp,images\2026\03\bhutanes-cusine2.webp,ok,bhutanes-cusine2,bhutanes-cusine2,,image/webp,3623
https://lotuspeak.org/wp-content/uploads/2026/03/blue-background.webp,images\2026\03\blue-background.webp,ok,blue-background,blue-background,,image/webp,3584
https://lotuspeak.org/wp-content/uploads/2026/03/breadcrumb-image.webp,images\2026\03\breadcrumb-image.webp,ok,breadcrumb image,breadcrumb-image,,image/webp,3573
https://lotuspeak.org/wp-content/uploads/2026/03/buddha-point.webp,images\2026\03\buddha-point.webp,ok,buddha-point,buddha-point,,image/webp,3648
https://lotuspeak.org/wp-content/uploads/2026/03/card.webp,images\2026\03\card.webp,ok,card,card,,image/webp,3607
https://lotuspeak.org/wp-content/uploads/2026/03/cham.webp,images\2026\03\cham.webp,ok,cham,cham,,image/webp,3587
https://lotuspeak.org/wp-content/uploads/2026/03/chili.webp,images\2026\03\chili.webp,ok,chili,chili,,image/webp,3618
https://lotuspeak.org/wp-content/uploads/2026/03/cusines.webp,images\2026\03\cusines.webp,ok,bhutanes,cusines,,image/webp,3625
https://lotuspeak.org/wp-content/uploads/2026/03/daniel-grandfield-_pvYscWJ7ao-unsplash.jpg,,failed,,,,,
https://lotuspeak.org/wp-content/uploads/2026/03/dochhula-foggy.webp,images\2026\03\dochhula-foggy.webp,ok,dochhula-foggy,dochhula-foggy,,image/webp,3319
https://lotuspeak.org/wp-content/uploads/2026/03/fb-prodile.webp,images\2026\03\fb-prodile.webp,ok,fb-profile,fb-prodile,,image/webp,3583
https://lotuspeak.org/wp-content/uploads/2026/03/feature.webp,images\2026\03\feature.webp,ok,feature,feature,,image/webp,3598
https://lotuspeak.org/wp-content/uploads/2026/03/foggy.jpeg,images\2026\03\foggy.jpeg,ok,house,foggy,,image/jpeg,2975
https://lotuspeak.org/wp-content/uploads/2026/03/gangtey-lhakhang.webp,images\2026\03\gangtey-lhakhang.webp,ok,,gangtey-lhakhang,,image/webp,3316
https://lotuspeak.org/wp-content/uploads/2026/03/gelong-to-dzong.webp,images\2026\03\gelong-to-dzong.webp,ok,,gelong-to-dzong,,image/webp,3323
https://lotuspeak.org/wp-content/uploads/2026/03/guided-principle.webp,images\2026\03\guided-principle.webp,ok,guided-principle,guided-principle,,image/webp,3600
https://lotuspeak.org/wp-content/uploads/2026/03/khuru.webp,images\2026\03\khuru.webp,ok,khuru,khuru,,image/webp,3621
https://lotuspeak.org/wp-content/uploads/2026/03/lam-with-scrulpture.webp,images\2026\03\lam-with-scrulpture.webp,ok,lam-with-sculpture,lam-with-scrulpture,,image/webp,3318
https://lotuspeak.org/wp-content/uploads/2026/03/light-blue-background.webp,images\2026\03\light-blue-background.webp,ok,light-blue-background,light-blue-background,,image/webp,3589
https://lotuspeak.org/wp-content/uploads/2026/03/m-and-s.webp,images\2026\03\m-and-s.webp,ok,m-and-s,m-and-s,,image/webp,3629
https://lotuspeak.org/wp-content/uploads/2026/03/meditation-1.webp,images\2026\03\meditation-1.webp,ok,meditation,meditation,,image/webp,3602
https://lotuspeak.org/wp-content/uploads/2026/03/meditation.webp,images\2026\03\meditation.webp,ok,meditation,meditation,,image/webp,3307
https://lotuspeak.org/wp-content/uploads/2026/03/memorial-chorten.webp,images\2026\03\memorial-chorten.webp,ok,memorial-chorten,memorial-chorten,,image/webp,3650
https://lotuspeak.org/wp-content/uploads/2026/03/peace-man.webp,images\2026\03\peace-man.webp,ok,peace-man,peace-man,,image/webp,3597
https://lotuspeak.org/wp-content/uploads/2026/03/punakha-foggy-dzong.webp,images\2026\03\punakha-foggy-dzong.webp,ok,punakha-foggy-dzong,punakha-foggy-dzong,,image/webp,3590
https://lotuspeak.org/wp-content/uploads/2026/03/site-image.webp,images\2026\03\site-image.webp,ok,site image,site-image,,image/webp,3577
https://lotuspeak.org/wp-content/uploads/2026/03/thimphu-dzong.webp,images\2026\03\thimphu-dzong.webp,ok,thimphu-dzong,thimphu-dzong,,image/webp,3647
https://lotuspeak.org/wp-content/uploads/2026/03/travel-with-heart.webp,images\2026\03\travel-with-heart.webp,ok,travel-with-heart,travel-with-heart,,image/webp,3599
https://lotuspeak.org/wp-content/uploads/2026/03/travels-hike.webp,images\2026\03\travels-hike.webp,ok,travels-hike,travels-hike,,image/webp,3325
https://lotuspeak.org/wp-content/uploads/2026/03/withessing-tshechu.webp,images\2026\03\withessing-tshechu.webp,ok,withessing tshechu,withessing tshechu,,image/webp,3317
https://lotuspeak.org/wp-content/uploads/2026/03/zhabdrung.webp,images\2026\03\zhabdrung.webp,ok,,zhabdrung,,image/webp,3601
https://lotuspeak.org/wp-content/uploads/2026/03/zoo.webp,images\2026\03\zoo.webp,ok,zoo,zoo,,image/webp,3651
